,weight
2020-01-01 00:00:00,14.0
2020-01-01 06:00:00,13.314615340747293
2020-01-01 12:00:00,13.314615340747293
2020-01-01 18:00:00,13.314615340747293
2020-01-02 00:00:00,13.314615340747293
2020-01-02 06:00:00,13.314615340747293
2020-01-02 12:00:00,13.314615340747293
2020-01-02 18:00:00,13.314615340747293
2020-01-03 00:00:00,12.90196675131866
2020-01-03 06:00:00,12.377284456176785
2020-01-03 12:00:00,12.377284456176785
2020-01-03 18:00:00,12.377284456176785
2020-01-04 00:00:00,12.377284456176785
2020-01-04 06:00:00,12.377284456176785
2020-01-04 12:00:00,12.377284456176785
2020-01-04 18:00:00,12.377284456176785
2020-01-05 00:00:00,12.377284456176785
2020-01-05 06:00:00,10.838633687319591
2020-01-05 12:00:00,10.39950950879334
2020-01-05 18:00:00,10.39950950879334
2020-01-06 00:00:00,10.062092665868864
2020-01-06 06:00:00,9.687801142469715
2020-01-06 12:00:00,9.687801142469715
2020-01-06 18:00:00,9.299261522631191
2020-01-07 00:00:00,9.299261522631191
2020-01-07 06:00:00,9.299261522631191
2020-01-07 12:00:00,9.299261522631191
2020-01-07 18:00:00,9.299261522631191
2020-01-08 00:00:00,8.683262455683781
2020-01-08 06:00:00,7.767629749382598
2020-01-08 12:00:00,7.341411964832395
2020-01-08 18:00:00,7.341411964832395
2020-01-09 00:00:00,7.341411964832395
2020-01-09 06:00:00,7.341411964832395
2020-01-09 12:00:00,7.341411964832395
2020-01-09 18:00:00,7.341411964832395
2020-01-10 00:00:00,7.341411964832395
2020-01-10 06:00:00,6.996704111059316
2020-01-10 12:00:00,6.556787523085941
2020-01-10 18:00:00,6.241919327681423
2020-01-11 00:00:00,6.241919327681423
2020-01-11 06:00:00,6.241919327681423
2020-01-11 12:00:00,6.241919327681423
2020-01-11 18:00:00,6.241919327681423
2020-01-12 00:00:00,6.241919327681423
2020-01-12 06:00:00,5.518941783172405
2020-01-12 12:00:00,5.101111662510009
2020-01-12 18:00:00,5.101111662510009
2020-01-13 00:00:00,3.800833698272779
2020-01-13 06:00:00,3.5436986298007698
2020-01-13 12:00:00,3.5436986298007698
2020-01-13 18:00:00,3.5436986298007698
2020-01-14 00:00:00,3.5436986298007698
2020-01-14 06:00:00,3.5436986298007698
2020-01-14 12:00:00,3.5436986298007698
2020-01-14 18:00:00,3.5436986298007698
2020-01-15 00:00:00,3.0624290771984253
2020-01-15 06:00:00,2.286354499323674
2020-01-15 12:00:00,1.8686536591538079
2020-01-15 18:00:00,1.5301899610245893
2020-01-16 00:00:00,1.5301899610245893
2020-01-16 06:00:00,1.5301899610245893
2020-01-16 12:00:00,1.5301899610245893
2020-01-16 18:00:00,1.5301899610245893
2020-01-17 00:00:00,1.2039269785271745
2020-01-17 06:00:00,0.2551134176096532
2020-01-17 12:00:00,0.0
2020-01-17 18:00:00,0.0
2020-01-18 00:00:00,0.0
2020-01-18 06:00:00,14.0
2020-01-18 12:00:00,14.0
2020-01-18 18:00:00,14.0
2020-01-19 00:00:00,14.0
2020-01-19 06:00:00,13.28916011854666
2020-01-19 12:00:00,13.28916011854666
2020-01-19 18:00:00,13.28916011854666
2020-01-20 00:00:00,13.28916011854666
2020-01-20 06:00:00,12.981344582429182
2020-01-20 12:00:00,12.212907389637024
2020-01-20 18:00:00,12.212907389637024
2020-01-21 00:00:00,12.212907389637024
2020-01-21 06:00:00,11.440318159501167
2020-01-21 12:00:00,11.440318159501167
2020-01-21 18:00:00,11.440318159501167
2020-01-22 00:00:00,11.030836019596968
2020-01-22 06:00:00,10.608351464043263
2020-01-22 12:00:00,10.608351464043263
2020-01-22 18:00:00,10.608351464043263
2020-01-23 00:00:00,10.608351464043263
2020-01-23 06:00:00,10.608351464043263
2020-01-23 12:00:00,10.608351464043263
2020-01-23 18:00:00,10.608351464043263
2020-01-24 00:00:00,10.230139692971642
2020-01-24 06:00:00,9.218072686249403
2020-01-24 12:00:00,9.218072686249403
2020-01-24 18:00:00,9.218072686249403
2020-01-25 00:00:00,9.218072686249403
2020-01-25 06:00:00,9.218072686249403
2020-01-25 12:00:00,9.218072686249403
2020-01-25 18:00:00,9.218072686249403
2020-01-26 00:00:00,8.884753560875708
2020-01-26 06:00:00,8.884753560875708
2020-01-26 12:00:00,8.478252098031652
2020-01-26 18:00:00,8.095609114427413
2020-01-27 00:00:00,8.095609114427413
2020-01-27 06:00:00,7.398472941111308
2020-01-27 12:00:00,7.0088918312108355
2020-01-27 18:00:00,7.0088918312108355
2020-01-28 00:00:00,7.0088918312108355
2020-01-28 06:00:00,7.0088918312108355
2020-01-28 12:00:00,7.0088918312108355
2020-01-28 18:00:00,7.0088918312108355
2020-01-29 00:00:00,7.0088918312108355
2020-01-29 06:00:00,6.553330181317766
2020-01-29 12:00:00,6.553330181317766
2020-01-29 18:00:00,6.212995436242727
2020-01-30 00:00:00,6.212995436242727
2020-01-30 06:00:00,6.212995436242727
2020-01-30 12:00:00,6.212995436242727
2020-01-30 18:00:00,6.212995436242727
2020-01-31 00:00:00,6.212995436242727
2020-01-31 06:00:00,5.715522111405262
2020-01-31 12:00:00,5.383169505548842
2020-01-31 18:00:00,5.383169505548842
2020-02-01 00:00:00,5.383169505548842
2020-02-01 06:00:00,4.6167020285647675
2020-02-01 12:00:00,4.6167020285647675
2020-02-01 18:00:00,4.6167020285647675
2020-02-02 00:00:00,4.6167020285647675
2020-02-02 06:00:00,3.5341827592422503
2020-02-02 12:00:00,3.5341827592422503
2020-02-02 18:00:00,3.5341827592422503
2020-02-03 00:00:00,3.2193972656916845
2020-02-03 06:00:00,3.2193972656916845
2020-02-03 12:00:00,2.926293235898448
2020-02-03 18:00:00,2.926293235898448
2020-02-04 00:00:00,2.926293235898448
2020-02-04 06:00:00,2.926293235898448
2020-02-04 12:00:00,2.926293235898448
2020-02-04 18:00:00,2.926293235898448
2020-02-05 00:00:00,2.46714248144602
2020-02-05 06:00:00,2.46714248144602
2020-02-05 12:00:00,2.0696651844811527
2020-02-05 18:00:00,1.7471838999917113
2020-02-06 00:00:00,1.7471838999917113
2020-02-06 06:00:00,1.7471838999917113
2020-02-06 12:00:00,1.7471838999917113
2020-02-06 18:00:00,1.7471838999917113
2020-02-07 00:00:00,1.380163390493949
2020-02-07 06:00:00,0.6827223024789524
2020-02-07 12:00:00,0.0
2020-02-07 18:00:00,14.0
2020-02-08 00:00:00,14.0
2020-02-08 06:00:00,14.0
2020-02-08 12:00:00,14.0
2020-02-08 18:00:00,14.0
2020-02-09 00:00:00,13.641192607257983
2020-02-09 06:00:00,12.832072228683554
2020-02-09 12:00:00,12.501353821142565
2020-02-09 18:00:00,12.501353821142565
2020-02-10 00:00:00,11.83518031832505
2020-02-10 06:00:00,10.87668232038515
2020-02-10 12:00:00,10.87668232038515
2020-02-10 18:00:00,10.87668232038515
2020-02-11 00:00:00,10.87668232038515
2020-02-11 06:00:00,10.87668232038515
2020-02-11 12:00:00,10.87668232038515
2020-02-11 18:00:00,10.87668232038515
2020-02-12 00:00:00,10.42808150746663
2020-02-12 06:00:00,9.740221692883738
2020-02-12 12:00:00,9.238183187493224
2020-02-12 18:00:00,9.238183187493224
2020-02-13 00:00:00,9.238183187493224
2020-02-13 06:00:00,9.238183187493224
2020-02-13 12:00:00,9.238183187493224
2020-02-13 18:00:00,9.238183187493224
2020-02-14 00:00:00,9.238183187493224
2020-02-14 06:00:00,8.264407906964667
2020-02-14 12:00:00,8.264407906964667
2020-02-14 18:00:00,7.130720565944396
2020-02-15 00:00:00,7.130720565944396
2020-02-15 06:00:00,7.130720565944396
2020-02-15 12:00:00,7.130720565944396
2020-02-15 18:00:00,7.130720565944396
2020-02-16 00:00:00,7.130720565944396
2020-02-16 06:00:00,7.130720565944396
2020-02-16 12:00:00,6.827005226680325
2020-02-16 18:00:00,6.496870032864791
2020-02-17 00:00:00,6.115962675342546
2020-02-17 06:00:00,5.483090898064328
2020-02-17 12:00:00,5.483090898064328
2020-02-17 18:00:00,5.483090898064328
2020-02-18 00:00:00,5.483090898064328
2020-02-18 06:00:00,5.483090898064328
2020-02-18 12:00:00,5.483090898064328
2020-02-18 18:00:00,5.483090898064328
2020-02-19 00:00:00,5.0671025320487555
2020-02-19 06:00:00,4.649212805945024
2020-02-19 12:00:00,4.300836349779342
2020-02-19 18:00:00,3.937879955495622
2020-02-20 00:00:00,3.937879955495622
2020-02-20 06:00:00,3.937879955495622
2020-02-20 12:00:00,3.937879955495622
2020-02-20 18:00:00,3.937879955495622
2020-02-21 00:00:00,3.506349991798464
2020-02-21 06:00:00,2.261972648133199
2020-02-21 12:00:00,2.261972648133199
2020-02-21 18:00:00,1.8912323724795874
2020-02-22 00:00:00,1.8912323724795874
2020-02-22 06:00:00,1.8912323724795874
2020-02-22 12:00:00,1.8912323724795874
2020-02-22 18:00:00,1.8912323724795874
2020-02-23 00:00:00,1.1920671730499603
2020-02-23 06:00:00,0.40998910479585005
2020-02-23 12:00:00,14.0
2020-02-23 18:00:00,14.0
2020-02-24 00:00:00,13.730793754757045
2020-02-24 06:00:00,12.82974851975854
2020-02-24 12:00:00,12.495483447990617
2020-02-24 18:00:00,12.495483447990617
2020-02-25 00:00:00,12.495483447990617
2020-02-25 06:00:00,12.495483447990617
2020-02-25 12:00:00,12.495483447990617
2020-02-25 18:00:00,12.495483447990617
2020-02-26 00:00:00,11.755269026245989
2020-02-26 06:00:00,11.471780415475287
2020-02-26 12:00:00,11.471780415475287
2020-02-26 18:00:00,11.471780415475287
2020-02-27 00:00:00,11.471780415475287
2020-02-27 06:00:00,11.471780415475287
2020-02-27 12:00:00,11.471780415475287
2020-02-27 18:00:00,11.471780415475287
2020-02-28 00:00:00,11.471780415475287
2020-02-28 06:00:00,10.126142218435483
2020-02-28 12:00:00,10.126142218435483
2020-02-28 18:00:00,9.809820850248576
2020-02-29 00:00:00,9.809820850248576
2020-02-29 06:00:00,9.809820850248576
2020-02-29 12:00:00,9.809820850248576
2020-02-29 18:00:00,9.809820850248576
2020-03-01 00:00:00,9.809820850248576
2020-03-01 06:00:00,9.809820850248576
2020-03-01 12:00:00,9.809820850248576
2020-03-01 18:00:00,9.809820850248576
2020-03-02 00:00:00,9.809820850248576
2020-03-02 06:00:00,9.809820850248576
2020-03-02 12:00:00,9.809820850248576
2020-03-02 18:00:00,9.809820850248576
2020-03-03 00:00:00,9.809820850248576
2020-03-03 06:00:00,9.809820850248576
2020-03-03 12:00:00,9.809820850248576
2020-03-03 18:00:00,9.809820850248576
2020-03-04 00:00:00,9.809820850248576
2020-03-04 06:00:00,8.207702733062987
2020-03-04 12:00:00,8.207702733062987
2020-03-04 18:00:00,8.207702733062987
2020-03-05 00:00:00,8.207702733062987
2020-03-05 06:00:00,8.207702733062987
2020-03-05 12:00:00,8.207702733062987
2020-03-05 18:00:00,8.207702733062987
2020-03-06 00:00:00,8.207702733062987
2020-03-06 06:00:00,7.608391226332046
2020-03-06 12:00:00,7.608391226332046
2020-03-06 18:00:00,7.20706565881358
2020-03-07 00:00:00,7.20706565881358
2020-03-07 06:00:00,6.812369080130628
2020-03-07 12:00:00,6.812369080130628
2020-03-07 18:00:00,6.812369080130628
2020-03-08 00:00:00,6.812369080130628
2020-03-08 06:00:00,5.927227888185554
2020-03-08 12:00:00,4.833272537562994
2020-03-08 18:00:00,4.533711679896718
2020-03-09 00:00:00,4.533711679896718
2020-03-09 06:00:00,4.146631678154783
2020-03-09 12:00:00,4.146631678154783
2020-03-09 18:00:00,3.2999337306411913
2020-03-10 00:00:00,3.2999337306411913
2020-03-10 06:00:00,3.2999337306411913
2020-03-10 12:00:00,3.2999337306411913
2020-03-10 18:00:00,3.2999337306411913
2020-03-11 00:00:00,2.5703839097856545
2020-03-11 06:00:00,1.7116490020296558
2020-03-11 12:00:00,1.7116490020296558
2020-03-11 18:00:00,1.3548848401549203
2020-03-12 00:00:00,1.3548848401549203
2020-03-12 06:00:00,1.3548848401549203
2020-03-12 12:00:00,1.3548848401549203
2020-03-12 18:00:00,1.3548848401549203
2020-03-13 00:00:00,15.000185174708689
2020-03-13 06:00:00,13.577654090114208
2020-03-13 12:00:00,13.577654090114208
2020-03-13 18:00:00,13.18255876182553
2020-03-14 00:00:00,13.18255876182553
2020-03-14 06:00:00,13.18255876182553
2020-03-14 12:00:00,13.18255876182553
2020-03-14 18:00:00,13.18255876182553
2020-03-15 00:00:00,12.800039232729477
2020-03-15 06:00:00,11.699128882665006
2020-03-15 12:00:00,11.699128882665006
2020-03-15 18:00:00,11.699128882665006
2020-03-16 00:00:00,11.33164306304455
2020-03-16 06:00:00,9.350302706387309
2020-03-16 12:00:00,9.350302706387309
2020-03-16 18:00:00,9.350302706387309
2020-03-17 00:00:00,9.350302706387309
2020-03-17 06:00:00,9.350302706387309
2020-03-17 12:00:00,9.350302706387309
2020-03-17 18:00:00,9.350302706387309
2020-03-18 00:00:00,9.014456446008358
2020-03-18 06:00:00,8.633853968672184
2020-03-18 12:00:00,8.270280373507346
2020-03-18 18:00:00,8.270280373507346
2020-03-19 00:00:00,8.270280373507346
2020-03-19 06:00:00,8.270280373507346
2020-03-19 12:00:00,8.270280373507346
2020-03-19 18:00:00,8.270280373507346
2020-03-20 00:00:00,7.895508361230804
2020-03-20 06:00:00,7.895508361230804
2020-03-20 12:00:00,7.545177737950235
2020-03-20 18:00:00,7.545177737950235
2020-03-21 00:00:00,7.545177737950235
2020-03-21 06:00:00,7.545177737950235
2020-03-21 12:00:00,7.545177737950235
2020-03-21 18:00:00,7.545177737950235
2020-03-22 00:00:00,6.68981385501225
2020-03-22 06:00:00,6.221266235637806
2020-03-22 12:00:00,5.34354474230856
2020-03-22 18:00:00,5.34354474230856
2020-03-23 00:00:00,5.34354474230856
2020-03-23 06:00:00,5.34354474230856
2020-03-23 12:00:00,5.34354474230856
2020-03-23 18:00:00,5.34354474230856
2020-03-24 00:00:00,5.34354474230856
2020-03-24 06:00:00,5.34354474230856
2020-03-24 12:00:00,5.34354474230856
2020-03-24 18:00:00,5.34354474230856
2020-03-25 00:00:00,5.0503108914756245
2020-03-25 06:00:00,4.715647585999921
2020-03-25 12:00:00,4.33613127318919
2020-03-25 18:00:00,4.33613127318919
2020-03-26 00:00:00,4.33613127318919
2020-03-26 06:00:00,4.33613127318919
2020-03-26 12:00:00,4.33613127318919
2020-03-26 18:00:00,4.33613127318919
2020-03-27 00:00:00,4.33613127318919
2020-03-27 06:00:00,4.33613127318919
2020-03-27 12:00:00,4.33613127318919
2020-03-27 18:00:00,4.33613127318919
2020-03-28 00:00:00,4.33613127318919
2020-03-28 06:00:00,4.33613127318919
2020-03-28 12:00:00,4.33613127318919
2020-03-28 18:00:00,4.33613127318919
2020-03-29 00:00:00,4.33613127318919
2020-03-29 06:00:00,4.33613127318919
2020-03-29 12:00:00,4.33613127318919
2020-03-29 18:00:00,4.33613127318919
2020-03-30 00:00:00,4.33613127318919
2020-03-30 06:00:00,4.02924920281804
2020-03-30 12:00:00,3.6719565233597375
2020-03-30 18:00:00,3.3255166667144263
2020-03-31 00:00:00,3.3255166667144263
2020-03-31 06:00:00,3.3255166667144263
2020-03-31 12:00:00,3.3255166667144263
2020-03-31 18:00:00,3.3255166667144263
2020-04-01 00:00:00,3.3255166667144263
2020-04-01 06:00:00,3.3255166667144263
2020-04-01 12:00:00,2.9363014258739533
2020-04-01 18:00:00,2.2105843867799813
2020-04-02 00:00:00,2.2105843867799813
2020-04-02 06:00:00,2.2105843867799813
2020-04-02 12:00:00,2.2105843867799813
2020-04-02 18:00:00,2.2105843867799813
2020-04-03 00:00:00,1.8639811246064026
2020-04-03 06:00:00,1.8639811246064026
2020-04-03 12:00:00,1.4962450007992003
2020-04-03 18:00:00,1.4962450007992003
2020-04-04 00:00:00,1.4962450007992003
2020-04-04 06:00:00,1.4962450007992003
2020-04-04 12:00:00,1.4962450007992003
2020-04-04 18:00:00,1.4962450007992003
2020-04-05 00:00:00,1.4962450007992003
2020-04-05 06:00:00,0.7238592166505272
2020-04-05 12:00:00,14.0
2020-04-05 18:00:00,14.0
2020-04-06 00:00:00,13.693510551756203
2020-04-06 06:00:00,13.693510551756203
2020-04-06 12:00:00,13.279735943488259
2020-04-06 18:00:00,12.854370524557806
2020-04-07 00:00:00,12.854370524557806
2020-04-07 06:00:00,12.854370524557806
2020-04-07 12:00:00,12.854370524557806
2020-04-07 18:00:00,12.854370524557806
2020-04-08 00:00:00,12.854370524557806
2020-04-08 06:00:00,12.190696136247118
2020-04-08 12:00:00,12.190696136247118
2020-04-08 18:00:00,11.21804035929582
2020-04-09 00:00:00,11.21804035929582
2020-04-09 06:00:00,11.21804035929582
2020-04-09 12:00:00,11.21804035929582
2020-04-09 18:00:00,11.21804035929582
2020-04-10 00:00:00,10.505797055363372
2020-04-10 06:00:00,9.17842297113913
2020-04-10 12:00:00,9.17842297113913
2020-04-10 18:00:00,9.17842297113913
2020-04-11 00:00:00,9.17842297113913
2020-04-11 06:00:00,9.17842297113913
2020-04-11 12:00:00,9.17842297113913
2020-04-11 18:00:00,9.17842297113913
2020-04-12 00:00:00,8.533450598677632
2020-04-12 06:00:00,7.348327853914615
2020-04-12 12:00:00,7.348327853914615
2020-04-12 18:00:00,7.348327853914615
2020-04-13 00:00:00,7.348327853914615
2020-04-13 06:00:00,6.804761415862314
2020-04-13 12:00:00,5.72125276816051
2020-04-13 18:00:00,5.72125276816051
2020-04-14 00:00:00,5.72125276816051
2020-04-14 06:00:00,5.72125276816051
2020-04-14 12:00:00,5.72125276816051
2020-04-14 18:00:00,5.72125276816051
2020-04-15 00:00:00,5.373166460023664
2020-04-15 06:00:00,4.6449173468273175
2020-04-15 12:00:00,4.6449173468273175
2020-04-15 18:00:00,4.338156500423653
2020-04-16 00:00:00,4.338156500423653
2020-04-16 06:00:00,4.338156500423653
2020-04-16 12:00:00,4.338156500423653
2020-04-16 18:00:00,4.338156500423653
2020-04-17 00:00:00,4.338156500423653
2020-04-17 06:00:00,4.039670216167057
2020-04-17 12:00:00,3.683269150566202
2020-04-17 18:00:00,3.683269150566202
2020-04-18 00:00:00,3.683269150566202
2020-04-18 06:00:00,3.683269150566202
2020-04-18 12:00:00,3.683269150566202
2020-04-18 18:00:00,3.683269150566202
2020-04-19 00:00:00,3.331548864245177
2020-04-19 06:00:00,2.2045403750037673
2020-04-19 12:00:00,2.2045403750037673
2020-04-19 18:00:00,2.2045403750037673
2020-04-20 00:00:00,1.5501795536655607
2020-04-20 06:00:00,0.2925996896366292
2020-04-20 12:00:00,0.2925996896366292
2020-04-20 18:00:00,0.2925996896366292
2020-04-21 00:00:00,0.2925996896366292
2020-04-21 06:00:00,0.0
2020-04-21 12:00:00,0.0
2020-04-21 18:00:00,0.0
2020-04-22 00:00:00,14.0
2020-04-22 06:00:00,13.501407035124847
2020-04-22 12:00:00,13.0768464244024
2020-04-22 18:00:00,13.0768464244024
2020-04-23 00:00:00,13.0768464244024
2020-04-23 06:00:00,13.0768464244024
2020-04-23 12:00:00,13.0768464244024
2020-04-23 18:00:00,13.0768464244024
2020-04-24 00:00:00,12.700654076717267
2020-04-24 06:00:00,11.538908147657567
2020-04-24 12:00:00,11.187018932304508
2020-04-24 18:00:00,11.187018932304508
2020-04-25 00:00:00,10.470491885305751
2020-04-25 06:00:00,10.470491885305751
2020-04-25 12:00:00,10.470491885305751
2020-04-25 18:00:00,10.470491885305751
2020-04-26 00:00:00,10.470491885305751
2020-04-26 06:00:00,9.812543999641324
2020-04-26 12:00:00,9.812543999641324
2020-04-26 18:00:00,9.812543999641324
2020-04-27 00:00:00,9.812543999641324
2020-04-27 06:00:00,9.812543999641324
2020-04-27 12:00:00,9.812543999641324
2020-04-27 18:00:00,9.812543999641324
2020-04-28 00:00:00,9.812543999641324
2020-04-28 06:00:00,9.812543999641324
2020-04-28 12:00:00,9.436001958666306
2020-04-28 18:00:00,9.436001958666306
2020-04-29 00:00:00,9.436001958666306
2020-04-29 06:00:00,8.571838993025171
2020-04-29 12:00:00,8.571838993025171
2020-04-29 18:00:00,8.571838993025171
2020-04-30 00:00:00,8.571838993025171
2020-04-30 06:00:00,8.571838993025171
2020-04-30 12:00:00,8.087002470237456
2020-04-30 18:00:00,8.087002470237456
2020-05-01 00:00:00,8.087002470237456
2020-05-01 06:00:00,7.72231477533019
2020-05-01 12:00:00,7.005584042375311
2020-05-01 18:00:00,7.005584042375311
2020-05-02 00:00:00,7.005584042375311
2020-05-02 06:00:00,7.005584042375311
2020-05-02 12:00:00,7.005584042375311
2020-05-02 18:00:00,7.005584042375311
2020-05-03 00:00:00,7.005584042375311
2020-05-03 06:00:00,7.005584042375311
2020-05-03 12:00:00,7.005584042375311
2020-05-03 18:00:00,7.005584042375311
2020-05-04 00:00:00,6.665765849425911
2020-05-04 06:00:00,5.930900090719632
2020-05-04 12:00:00,5.2385356562549905
2020-05-04 18:00:00,5.2385356562549905
2020-05-05 00:00:00,5.2385356562549905
2020-05-05 06:00:00,5.2385356562549905
2020-05-05 12:00:00,5.2385356562549905
2020-05-05 18:00:00,5.2385356562549905
2020-05-06 00:00:00,5.2385356562549905
2020-05-06 06:00:00,3.3574039638229376
2020-05-06 12:00:00,3.0232447653064005
2020-05-06 18:00:00,3.0232447653064005
2020-05-07 00:00:00,3.0232447653064005
2020-05-07 06:00:00,3.0232447653064005
2020-05-07 12:00:00,3.0232447653064005
2020-05-07 18:00:00,3.0232447653064005
2020-05-08 00:00:00,2.62667339409826
2020-05-08 06:00:00,1.9332870025926363
2020-05-08 12:00:00,1.9332870025926363
2020-05-08 18:00:00,1.5582506515980885
2020-05-09 00:00:00,1.5582506515980885
2020-05-09 06:00:00,1.5582506515980885
2020-05-09 12:00:00,1.5582506515980885
2020-05-09 18:00:00,1.5582506515980885
2020-05-10 00:00:00,1.1965503005003215
2020-05-10 06:00:00,0.41782531238120624
2020-05-10 12:00:00,0.41782531238120624
2020-05-10 18:00:00,0.41782531238120624
2020-05-11 00:00:00,0.41782531238120624
2020-05-11 06:00:00,0.043154938913548435
2020-05-11 12:00:00,0.043154938913548435
2020-05-11 18:00:00,0.0
2020-05-12 00:00:00,14.0
2020-05-12 06:00:00,14.0
2020-05-12 12:00:00,14.0
2020-05-12 18:00:00,14.0
2020-05-13 00:00:00,14.0
2020-05-13 06:00:00,14.0
2020-05-13 12:00:00,14.0
2020-05-13 18:00:00,14.0
2020-05-14 00:00:00,14.0
2020-05-14 06:00:00,14.0
2020-05-14 12:00:00,14.0
2020-05-14 18:00:00,14.0
2020-05-15 00:00:00,13.58729979371834
2020-05-15 06:00:00,13.207065726165665
2020-05-15 12:00:00,13.207065726165665
2020-05-15 18:00:00,13.207065726165665
2020-05-16 00:00:00,13.207065726165665
2020-05-16 06:00:00,13.207065726165665
2020-05-16 12:00:00,13.207065726165665
2020-05-16 18:00:00,13.207065726165665
2020-05-17 00:00:00,13.207065726165665
2020-05-17 06:00:00,12.04234623263155
2020-05-17 12:00:00,12.04234623263155
2020-05-17 18:00:00,11.695458135404754
2020-05-18 00:00:00,11.695458135404754
2020-05-18 06:00:00,10.941464985035308
2020-05-18 12:00:00,10.181906319771478
2020-05-18 18:00:00,9.78951389432832
2020-05-19 00:00:00,9.78951389432832
2020-05-19 06:00:00,9.78951389432832
2020-05-19 12:00:00,9.78951389432832
2020-05-19 18:00:00,9.78951389432832
2020-05-20 00:00:00,9.78951389432832
2020-05-20 06:00:00,8.68914266016649
2020-05-20 12:00:00,8.296050973979655
2020-05-20 18:00:00,8.296050973979655
2020-05-21 00:00:00,8.296050973979655
2020-05-21 06:00:00,8.296050973979655
2020-05-21 12:00:00,8.296050973979655
2020-05-21 18:00:00,8.296050973979655
2020-05-22 00:00:00,7.9209050930353175
2020-05-22 06:00:00,7.9209050930353175
2020-05-22 12:00:00,7.9209050930353175
2020-05-22 18:00:00,7.185206206032307
2020-05-23 00:00:00,7.185206206032307
2020-05-23 06:00:00,7.185206206032307
2020-05-23 12:00:00,7.185206206032307
2020-05-23 18:00:00,7.185206206032307
2020-05-24 00:00:00,7.185206206032307
2020-05-24 06:00:00,7.185206206032307
2020-05-24 12:00:00,7.185206206032307
2020-05-24 18:00:00,7.185206206032307
2020-05-25 00:00:00,6.8116123816689464
2020-05-25 06:00:00,6.8116123816689464
2020-05-25 12:00:00,5.921015111049555
2020-05-25 18:00:00,5.578444666123792
2020-05-26 00:00:00,5.578444666123792
2020-05-26 06:00:00,5.578444666123792
2020-05-26 12:00:00,5.578444666123792
2020-05-26 18:00:00,5.578444666123792
2020-05-27 00:00:00,5.295542656017669
2020-05-27 06:00:00,4.405249222312538
2020-05-27 12:00:00,3.997687067204404
2020-05-27 18:00:00,3.997687067204404
2020-05-28 00:00:00,3.997687067204404
2020-05-28 06:00:00,3.997687067204404
2020-05-28 12:00:00,3.997687067204404
2020-05-28 18:00:00,3.997687067204404
2020-05-29 00:00:00,3.997687067204404
2020-05-29 06:00:00,3.997687067204404
2020-05-29 12:00:00,3.997687067204404
2020-05-29 18:00:00,3.997687067204404
2020-05-30 00:00:00,3.997687067204404
2020-05-30 06:00:00,3.997687067204404
2020-05-30 12:00:00,3.997687067204404
2020-05-30 18:00:00,3.997687067204404
2020-05-31 00:00:00,3.2687472929300254
2020-05-31 06:00:00,2.829206646994907
2020-05-31 12:00:00,2.829206646994907
2020-05-31 18:00:00,2.829206646994907
2020-06-01 00:00:00,2.829206646994907
2020-06-01 06:00:00,2.4827654500965215
2020-06-01 12:00:00,1.9755205865162693
2020-06-01 18:00:00,1.9755205865162693
2020-06-02 00:00:00,1.9755205865162693
2020-06-02 06:00:00,1.9755205865162693
2020-06-02 12:00:00,1.9755205865162693
2020-06-02 18:00:00,1.9755205865162693
2020-06-03 00:00:00,1.6426423522287195
2020-06-03 06:00:00,0.7882694884821984
2020-06-03 12:00:00,0.7882694884821984
2020-06-03 18:00:00,0.7882694884821984
2020-06-04 00:00:00,0.7882694884821984
2020-06-04 06:00:00,0.7882694884821984
2020-06-04 12:00:00,0.7882694884821984
2020-06-04 18:00:00,0.7882694884821984
2020-06-05 00:00:00,0.4005959886906876
2020-06-05 06:00:00,0.09446330806796177
2020-06-05 12:00:00,0.0
2020-06-05 18:00:00,0.0
2020-06-06 00:00:00,14.0
2020-06-06 06:00:00,14.0
2020-06-06 12:00:00,14.0
2020-06-06 18:00:00,14.0
2020-06-07 00:00:00,13.603075937828745
2020-06-07 06:00:00,13.216685812756628
2020-06-07 12:00:00,12.464597890519924
2020-06-07 18:00:00,12.168814936902374
2020-06-08 00:00:00,12.168814936902374
2020-06-08 06:00:00,10.919903981457992
2020-06-08 12:00:00,10.919903981457992
2020-06-08 18:00:00,10.919903981457992
2020-06-09 00:00:00,10.546109057971012
2020-06-09 06:00:00,9.993928900828694
2020-06-09 12:00:00,9.993928900828694
2020-06-09 18:00:00,9.993928900828694
2020-06-10 00:00:00,9.993928900828694
2020-06-10 06:00:00,9.230686120058902
2020-06-10 12:00:00,9.230686120058902
2020-06-10 18:00:00,9.230686120058902
2020-06-11 00:00:00,9.230686120058902
2020-06-11 06:00:00,9.230686120058902
2020-06-11 12:00:00,9.230686120058902
2020-06-11 18:00:00,9.230686120058902
2020-06-12 00:00:00,9.230686120058902
2020-06-12 06:00:00,8.836419621690192
2020-06-12 12:00:00,8.46676309140943
2020-06-12 18:00:00,8.064445547535966
2020-06-13 00:00:00,8.064445547535966
2020-06-13 06:00:00,8.064445547535966
2020-06-13 12:00:00,8.064445547535966
2020-06-13 18:00:00,8.064445547535966
2020-06-14 00:00:00,8.064445547535966
2020-06-14 06:00:00,7.747307892900857
2020-06-14 12:00:00,7.263501505507974
2020-06-14 18:00:00,7.263501505507974
2020-06-15 00:00:00,6.868764217470133
2020-06-15 06:00:00,6.868764217470133
2020-06-15 12:00:00,6.278321550339624
2020-06-15 18:00:00,6.278321550339624
2020-06-16 00:00:00,6.278321550339624
2020-06-16 06:00:00,6.278321550339624
2020-06-16 12:00:00,6.278321550339624
2020-06-16 18:00:00,6.278321550339624
2020-06-17 00:00:00,6.278321550339624
2020-06-17 06:00:00,5.4792177466784
2020-06-17 12:00:00,5.4792177466784
2020-06-17 18:00:00,5.4792177466784
2020-06-18 00:00:00,5.4792177466784
2020-06-18 06:00:00,5.4792177466784
2020-06-18 12:00:00,5.4792177466784
2020-06-18 18:00:00,5.4792177466784
2020-06-19 00:00:00,5.4792177466784
2020-06-19 06:00:00,5.4792177466784
2020-06-19 12:00:00,5.4792177466784
2020-06-19 18:00:00,5.4792177466784
2020-06-20 00:00:00,5.4792177466784
2020-06-20 06:00:00,5.4792177466784
2020-06-20 12:00:00,5.4792177466784
2020-06-20 18:00:00,5.4792177466784
2020-06-21 00:00:00,4.924213575813784
2020-06-21 06:00:00,4.924213575813784
2020-06-21 12:00:00,4.049592071633844
2020-06-21 18:00:00,4.049592071633844
2020-06-22 00:00:00,3.279160136378129
2020-06-22 06:00:00,3.279160136378129
2020-06-22 12:00:00,3.279160136378129
2020-06-22 18:00:00,2.3782047729540614
2020-06-23 00:00:00,2.3782047729540614
2020-06-23 06:00:00,2.3782047729540614
2020-06-23 12:00:00,2.3782047729540614
2020-06-23 18:00:00,2.3782047729540614
2020-06-24 00:00:00,1.9296041019067973
2020-06-24 06:00:00,0.8051132665055769
2020-06-24 12:00:00,0.8051132665055769
2020-06-24 18:00:00,0.36974644177510235
2020-06-25 00:00:00,0.36974644177510235
2020-06-25 06:00:00,14.026376785283057
2020-06-25 12:00:00,13.703265367657304
2020-06-25 18:00:00,13.703265367657304
2020-06-26 00:00:00,13.703265367657304
2020-06-26 06:00:00,12.48499555996151
2020-06-26 12:00:00,12.48499555996151
2020-06-26 18:00:00,12.48499555996151
2020-06-27 00:00:00,12.48499555996151
2020-06-27 06:00:00,12.48499555996151
2020-06-27 12:00:00,12.48499555996151
2020-06-27 18:00:00,12.48499555996151
2020-06-28 00:00:00,12.080709627220521
2020-06-28 06:00:00,11.497687102432929
2020-06-28 12:00:00,11.117111162797398
2020-06-28 18:00:00,10.745002857444359
2020-06-29 00:00:00,10.408249664983193
2020-06-29 06:00:00,9.632007595853906
2020-06-29 12:00:00,9.234127520192027
2020-06-29 18:00:00,9.234127520192027
2020-06-30 00:00:00,9.234127520192027
2020-06-30 06:00:00,9.234127520192027
2020-06-30 12:00:00,9.234127520192027
2020-06-30 18:00:00,9.234127520192027
2020-07-01 00:00:00,8.980403861940225
2020-07-01 06:00:00,7.81058699804743
2020-07-01 12:00:00,7.81058699804743
2020-07-01 18:00:00,7.81058699804743
2020-07-02 00:00:00,7.81058699804743
2020-07-02 06:00:00,7.81058699804743
2020-07-02 12:00:00,7.81058699804743
2020-07-02 18:00:00,7.81058699804743
2020-07-03 00:00:00,7.81058699804743
2020-07-03 06:00:00,7.81058699804743
2020-07-03 12:00:00,7.391784056134732
2020-07-03 18:00:00,6.851578083769273
2020-07-04 00:00:00,6.851578083769273
2020-07-04 06:00:00,6.851578083769273
2020-07-04 12:00:00,6.851578083769273
2020-07-04 18:00:00,6.851578083769273
2020-07-05 00:00:00,6.082661631286946
2020-07-05 06:00:00,5.731339642394787
2020-07-05 12:00:00,5.731339642394787
2020-07-05 18:00:00,5.25721681334231
2020-07-06 00:00:00,5.25721681334231
2020-07-06 06:00:00,4.295082089045914
2020-07-06 12:00:00,4.295082089045914
2020-07-06 18:00:00,4.295082089045914
2020-07-07 00:00:00,4.295082089045914
2020-07-07 06:00:00,4.295082089045914
2020-07-07 12:00:00,4.295082089045914
2020-07-07 18:00:00,4.295082089045914
2020-07-08 00:00:00,3.6287865771953225
2020-07-08 06:00:00,3.326974378310644
2020-07-08 12:00:00,3.326974378310644
2020-07-08 18:00:00,2.999899909321199
2020-07-09 00:00:00,2.999899909321199
2020-07-09 06:00:00,2.999899909321199
2020-07-09 12:00:00,2.999899909321199
2020-07-09 18:00:00,2.999899909321199
2020-07-10 00:00:00,2.999899909321199
2020-07-10 06:00:00,1.0316281846571154
2020-07-10 12:00:00,1.0316281846571154
2020-07-10 18:00:00,1.0316281846571154
2020-07-11 00:00:00,1.0316281846571154
2020-07-11 06:00:00,1.0316281846571154
2020-07-11 12:00:00,1.0316281846571154
2020-07-11 18:00:00,1.0316281846571154
2020-07-12 00:00:00,1.0316281846571154
2020-07-12 06:00:00,0.2327248250666779
2020-07-12 12:00:00,0.0
2020-07-12 18:00:00,0.0
2020-07-13 00:00:00,0.0
2020-07-13 06:00:00,14.0
2020-07-13 12:00:00,13.598141616038102
2020-07-13 18:00:00,13.598141616038102
2020-07-14 00:00:00,13.598141616038102
2020-07-14 06:00:00,13.598141616038102
2020-07-14 12:00:00,13.598141616038102
2020-07-14 18:00:00,13.598141616038102
2020-07-15 00:00:00,12.945639119796148
2020-07-15 06:00:00,12.539283087529183
2020-07-15 12:00:00,12.539283087529183
2020-07-15 18:00:00,11.78967114005607
2020-07-16 00:00:00,11.78967114005607
2020-07-16 06:00:00,11.78967114005607
2020-07-16 12:00:00,11.78967114005607
2020-07-16 18:00:00,11.78967114005607
2020-07-17 00:00:00,11.78967114005607
2020-07-17 06:00:00,11.303494209681865
2020-07-17 12:00:00,10.911727657197728
2020-07-17 18:00:00,10.911727657197728
2020-07-18 00:00:00,10.911727657197728
2020-07-18 06:00:00,10.911727657197728
2020-07-18 12:00:00,10.911727657197728
2020-07-18 18:00:00,10.911727657197728
2020-07-19 00:00:00,10.551302622902204
2020-07-19 06:00:00,10.136404209044805
2020-07-19 12:00:00,10.136404209044805
2020-07-19 18:00:00,10.136404209044805
2020-07-20 00:00:00,9.659665860269367
2020-07-20 06:00:00,9.275405518994873
2020-07-20 12:00:00,9.275405518994873
2020-07-20 18:00:00,8.562913056126721
2020-07-21 00:00:00,8.562913056126721
2020-07-21 06:00:00,8.562913056126721
2020-07-21 12:00:00,8.214105606481418
2020-07-21 18:00:00,8.214105606481418
2020-07-22 00:00:00,8.214105606481418
2020-07-22 06:00:00,7.629465683137273
2020-07-22 12:00:00,7.629465683137273
2020-07-22 18:00:00,6.326306165146935
2020-07-23 00:00:00,6.326306165146935
2020-07-23 06:00:00,6.326306165146935
2020-07-23 12:00:00,6.326306165146935
2020-07-23 18:00:00,6.326306165146935
2020-07-24 00:00:00,6.326306165146935
2020-07-24 06:00:00,5.625682789920303
2020-07-24 12:00:00,5.216948551958183
2020-07-24 18:00:00,4.833056185039854
2020-07-25 00:00:00,4.833056185039854
2020-07-25 06:00:00,4.833056185039854
2020-07-25 12:00:00,4.833056185039854
2020-07-25 18:00:00,4.833056185039854
2020-07-26 00:00:00,4.459582539993646
2020-07-26 06:00:00,4.045166505162556
2020-07-26 12:00:00,4.045166505162556
2020-07-26 18:00:00,3.6281257751556573
2020-07-27 00:00:00,3.6281257751556573
2020-07-27 06:00:00,3.6281257751556573
2020-07-27 12:00:00,3.6281257751556573
2020-07-27 18:00:00,3.6281257751556573
2020-07-28 00:00:00,3.6281257751556573
2020-07-28 06:00:00,3.6281257751556573
2020-07-28 12:00:00,3.6281257751556573
2020-07-28 18:00:00,3.6281257751556573
2020-07-29 00:00:00,3.6281257751556573
2020-07-29 06:00:00,2.088874280014596
2020-07-29 12:00:00,2.088874280014596
2020-07-29 18:00:00,2.088874280014596
2020-07-30 00:00:00,2.088874280014596
2020-07-30 06:00:00,2.088874280014596
2020-07-30 12:00:00,2.088874280014596
2020-07-30 18:00:00,2.088874280014596
2020-07-31 00:00:00,1.5770327073233403
2020-07-31 06:00:00,0.8475767074114912
2020-07-31 12:00:00,0.03492615074285044
2020-07-31 18:00:00,0.03492615074285044
2020-08-01 00:00:00,0.03492615074285044
2020-08-01 06:00:00,0.03492615074285044
2020-08-01 12:00:00,0.03492615074285044
2020-08-01 18:00:00,0.03492615074285044
2020-08-02 00:00:00,0.03492615074285044
2020-08-02 06:00:00,0.03492615074285044
2020-08-02 12:00:00,0.03492615074285044
2020-08-02 18:00:00,0.03492615074285044
2020-08-03 00:00:00,14.03492615074285
2020-08-03 06:00:00,12.39984425833976
2020-08-03 12:00:00,12.03392255996238
2020-08-03 18:00:00,12.03392255996238
2020-08-04 00:00:00,12.03392255996238
2020-08-04 06:00:00,12.03392255996238
2020-08-04 12:00:00,12.03392255996238
2020-08-04 18:00:00,12.03392255996238
2020-08-05 00:00:00,12.03392255996238
2020-08-05 06:00:00,12.03392255996238
2020-08-05 12:00:00,12.03392255996238
2020-08-05 18:00:00,12.03392255996238
2020-08-06 00:00:00,12.03392255996238
2020-08-06 06:00:00,12.03392255996238
2020-08-06 12:00:00,12.03392255996238
2020-08-06 18:00:00,12.03392255996238
2020-08-07 00:00:00,12.03392255996238
2020-08-07 06:00:00,10.607081736831088
2020-08-07 12:00:00,10.607081736831088
2020-08-07 18:00:00,10.607081736831088
2020-08-08 00:00:00,10.607081736831088
2020-08-08 06:00:00,10.607081736831088
2020-08-08 12:00:00,10.607081736831088
2020-08-08 18:00:00,10.607081736831088
2020-08-09 00:00:00,10.607081736831088
2020-08-09 06:00:00,10.607081736831088
2020-08-09 12:00:00,10.607081736831088
2020-08-09 18:00:00,10.607081736831088
2020-08-10 00:00:00,10.607081736831088
2020-08-10 06:00:00,9.905531271524138
2020-08-10 12:00:00,9.475331491862551
2020-08-10 18:00:00,9.475331491862551
2020-08-11 00:00:00,9.475331491862551
2020-08-11 06:00:00,9.475331491862551
2020-08-11 12:00:00,9.475331491862551
2020-08-11 18:00:00,9.475331491862551
2020-08-12 00:00:00,9.475331491862551
2020-08-12 06:00:00,8.57848138320586
2020-08-12 12:00:00,8.57848138320586
2020-08-12 18:00:00,8.57848138320586
2020-08-13 00:00:00,8.57848138320586
2020-08-13 06:00:00,8.57848138320586
2020-08-13 12:00:00,8.57848138320586
2020-08-13 18:00:00,8.57848138320586
2020-08-14 00:00:00,8.23494450338603
2020-08-14 06:00:00,7.051868356784555
2020-08-14 12:00:00,6.667440355323521
2020-08-14 18:00:00,6.667440355323521
2020-08-15 00:00:00,6.667440355323521
2020-08-15 06:00:00,6.260341512638277
2020-08-15 12:00:00,6.260341512638277
2020-08-15 18:00:00,6.260341512638277
2020-08-16 00:00:00,6.260341512638277
2020-08-16 06:00:00,5.851578677752809
2020-08-16 12:00:00,5.851578677752809
2020-08-16 18:00:00,5.442005073844506
2020-08-17 00:00:00,4.8179176857657255
2020-08-17 06:00:00,4.352227574373367
2020-08-17 12:00:00,4.352227574373367
2020-08-17 18:00:00,3.9943249427727476
2020-08-18 00:00:00,3.9943249427727476
2020-08-18 06:00:00,3.9943249427727476
2020-08-18 12:00:00,3.9943249427727476
2020-08-18 18:00:00,3.9943249427727476
2020-08-19 00:00:00,3.5868617889302583
2020-08-19 06:00:00,3.170545863231166
2020-08-19 12:00:00,3.170545863231166
2020-08-19 18:00:00,3.170545863231166
2020-08-20 00:00:00,3.170545863231166
2020-08-20 06:00:00,3.170545863231166
2020-08-20 12:00:00,3.170545863231166
2020-08-20 18:00:00,3.170545863231166
2020-08-21 00:00:00,3.170545863231166
2020-08-21 06:00:00,2.300949075068875
2020-08-21 12:00:00,1.49284702269709
2020-08-21 18:00:00,1.49284702269709
2020-08-22 00:00:00,1.49284702269709
2020-08-22 06:00:00,1.49284702269709
2020-08-22 12:00:00,1.49284702269709
2020-08-22 18:00:00,1.49284702269709
2020-08-23 00:00:00,1.49284702269709
2020-08-23 06:00:00,0.5225076540652998
2020-08-23 12:00:00,0.5225076540652998
2020-08-23 18:00:00,0.5225076540652998
2020-08-24 00:00:00,0.5225076540652998
2020-08-24 06:00:00,0.0
2020-08-24 12:00:00,14.0
2020-08-24 18:00:00,14.0
2020-08-25 00:00:00,14.0
2020-08-25 06:00:00,14.0
2020-08-25 12:00:00,14.0
2020-08-25 18:00:00,14.0
2020-08-26 00:00:00,14.0
2020-08-26 06:00:00,13.24641105780609
2020-08-26 12:00:00,12.454228429852776
2020-08-26 18:00:00,12.454228429852776
2020-08-27 00:00:00,12.454228429852776
2020-08-27 06:00:00,12.454228429852776
2020-08-27 12:00:00,12.454228429852776
2020-08-27 18:00:00,12.454228429852776
2020-08-28 00:00:00,12.454228429852776
2020-08-28 06:00:00,11.512693890366755
2020-08-28 12:00:00,11.177243717742927
2020-08-28 18:00:00,11.177243717742927
2020-08-29 00:00:00,11.177243717742927
2020-08-29 06:00:00,11.177243717742927
2020-08-29 12:00:00,11.177243717742927
2020-08-29 18:00:00,11.177243717742927
2020-08-30 00:00:00,10.82502691186543
2020-08-30 06:00:00,10.497524719599014
2020-08-30 12:00:00,10.497524719599014
2020-08-30 18:00:00,10.497524719599014
2020-08-31 00:00:00,10.497524719599014
2020-08-31 06:00:00,9.78675745684584
2020-08-31 12:00:00,9.78675745684584
2020-08-31 18:00:00,9.78675745684584
2020-09-01 00:00:00,9.78675745684584
2020-09-01 06:00:00,9.78675745684584
2020-09-01 12:00:00,9.78675745684584
2020-09-01 18:00:00,9.78675745684584
2020-09-02 00:00:00,9.78675745684584
2020-09-02 06:00:00,9.78675745684584
2020-09-02 12:00:00,9.78675745684584
2020-09-02 18:00:00,9.78675745684584
2020-09-03 00:00:00,9.78675745684584
2020-09-03 06:00:00,9.78675745684584
2020-09-03 12:00:00,9.78675745684584
2020-09-03 18:00:00,9.78675745684584
2020-09-04 00:00:00,8.90041655368626
2020-09-04 06:00:00,7.857455349730051
2020-09-04 12:00:00,7.857455349730051
2020-09-04 18:00:00,7.857455349730051
2020-09-05 00:00:00,7.857455349730051
2020-09-05 06:00:00,7.857455349730051
2020-09-05 12:00:00,7.857455349730051
2020-09-05 18:00:00,7.857455349730051
2020-09-06 00:00:00,7.417408209425357
2020-09-06 06:00:00,7.000680268319317
2020-09-06 12:00:00,7.000680268319317
2020-09-06 18:00:00,7.000680268319317
2020-09-07 00:00:00,7.000680268319317
2020-09-07 06:00:00,7.000680268319317
2020-09-07 12:00:00,7.000680268319317
2020-09-07 18:00:00,7.000680268319317
2020-09-08 00:00:00,7.000680268319317
2020-09-08 06:00:00,6.538005662184734
2020-09-08 12:00:00,6.538005662184734
2020-09-08 18:00:00,6.538005662184734
2020-09-09 00:00:00,6.0966657456058115
2020-09-09 06:00:00,5.329794410373223
2020-09-09 12:00:00,5.329794410373223
2020-09-09 18:00:00,5.329794410373223
2020-09-10 00:00:00,5.329794410373223
2020-09-10 06:00:00,5.329794410373223
2020-09-10 12:00:00,5.329794410373223
2020-09-10 18:00:00,5.329794410373223
2020-09-11 00:00:00,5.329794410373223
2020-09-11 06:00:00,4.370393856368317
2020-09-11 12:00:00,4.370393856368317
2020-09-11 18:00:00,4.370393856368317
2020-09-12 00:00:00,4.370393856368317
2020-09-12 06:00:00,4.370393856368317
2020-09-12 12:00:00,4.370393856368317
2020-09-12 18:00:00,4.370393856368317
2020-09-13 00:00:00,3.9340993842862275
2020-09-13 06:00:00,3.4896442068486557
2020-09-13 12:00:00,3.1901239578252127
2020-09-13 18:00:00,3.1901239578252127
2020-09-14 00:00:00,3.1901239578252127
2020-09-14 06:00:00,2.831989446077726
2020-09-14 12:00:00,2.831989446077726
2020-09-14 18:00:00,2.476352157637666
2020-09-15 00:00:00,2.476352157637666
2020-09-15 06:00:00,2.476352157637666
2020-09-15 12:00:00,2.476352157637666
2020-09-15 18:00:00,2.476352157637666
2020-09-16 00:00:00,2.1076986949872136
2020-09-16 06:00:00,1.7029916253632666
2020-09-16 12:00:00,1.7029916253632666
2020-09-16 18:00:00,1.340496950593187
2020-09-17 00:00:00,1.340496950593187
2020-09-17 06:00:00,0.9600499561569903
2020-09-17 12:00:00,0.9600499561569903
2020-09-17 18:00:00,0.9600499561569903
2020-09-18 00:00:00,0.9600499561569903
2020-09-18 06:00:00,0.5474594125097663
2020-09-18 12:00:00,0.0
2020-09-18 18:00:00,0.0
2020-09-19 00:00:00,0.0
2020-09-19 06:00:00,14.0
2020-09-19 12:00:00,14.0
2020-09-19 18:00:00,14.0
2020-09-20 00:00:00,14.0
2020-09-20 06:00:00,13.59702112417172
2020-09-20 12:00:00,13.236353724759354
2020-09-20 18:00:00,12.825578708999583
2020-09-21 00:00:00,12.825578708999583
2020-09-21 06:00:00,11.739144133549573
2020-09-21 12:00:00,11.739144133549573
2020-09-21 18:00:00,11.739144133549573
2020-09-22 00:00:00,11.739144133549573
2020-09-22 06:00:00,11.739144133549573
2020-09-22 12:00:00,11.739144133549573
2020-09-22 18:00:00,11.739144133549573
2020-09-23 00:00:00,11.329507372431097
2020-09-23 06:00:00,10.859528835331506
2020-09-23 12:00:00,10.859528835331506
2020-09-23 18:00:00,10.462731408737879
2020-09-24 00:00:00,10.462731408737879
2020-09-24 06:00:00,10.462731408737879
2020-09-24 12:00:00,10.462731408737879
2020-09-24 18:00:00,10.462731408737879
2020-09-25 00:00:00,10.038512837447655
2020-09-25 06:00:00,9.076313343728605
2020-09-25 12:00:00,9.076313343728605
2020-09-25 18:00:00,8.678132542854696
2020-09-26 00:00:00,8.678132542854696
2020-09-26 06:00:00,8.678132542854696
2020-09-26 12:00:00,8.678132542854696
2020-09-26 18:00:00,8.678132542854696
2020-09-27 00:00:00,8.678132542854696
2020-09-27 06:00:00,7.949968235534691
2020-09-27 12:00:00,7.949968235534691
2020-09-27 18:00:00,7.949968235534691
2020-09-28 00:00:00,7.649546877390474
2020-09-28 06:00:00,7.3290158903121405
2020-09-28 12:00:00,7.3290158903121405
2020-09-28 18:00:00,7.3290158903121405
2020-09-29 00:00:00,7.3290158903121405
2020-09-29 06:00:00,7.3290158903121405
2020-09-29 12:00:00,7.3290158903121405
2020-09-29 18:00:00,7.3290158903121405
2020-09-30 00:00:00,7.3290158903121405
2020-09-30 06:00:00,6.4152009160061745
2020-09-30 12:00:00,6.109886567677524
2020-09-30 18:00:00,6.109886567677524
2020-10-01 00:00:00,6.109886567677524
2020-10-01 06:00:00,6.109886567677524
2020-10-01 12:00:00,6.109886567677524
2020-10-01 18:00:00,6.109886567677524
2020-10-02 00:00:00,6.109886567677524
2020-10-02 06:00:00,5.285518319205141
2020-10-02 12:00:00,4.904879121973498
2020-10-02 18:00:00,4.904879121973498
2020-10-03 00:00:00,4.904879121973498
2020-10-03 06:00:00,4.904879121973498
2020-10-03 12:00:00,4.904879121973498
2020-10-03 18:00:00,4.904879121973498
2020-10-04 00:00:00,4.1634721827897625
2020-10-04 06:00:00,3.410161137777874
2020-10-04 12:00:00,3.022294786494991
2020-10-04 18:00:00,3.022294786494991
2020-10-05 00:00:00,3.022294786494991
2020-10-05 06:00:00,2.6401142304135274
2020-10-05 12:00:00,1.8523750197875226
2020-10-05 18:00:00,1.4967397931611597
2020-10-06 00:00:00,1.4967397931611597
2020-10-06 06:00:00,1.4967397931611597
2020-10-06 12:00:00,1.4967397931611597
2020-10-06 18:00:00,1.4967397931611597
2020-10-07 00:00:00,1.103144459469549
2020-10-07 06:00:00,0.6725820528989072
2020-10-07 12:00:00,14.0
2020-10-07 18:00:00,14.0
2020-10-08 00:00:00,14.0
2020-10-08 06:00:00,14.0
2020-10-08 12:00:00,14.0
2020-10-08 18:00:00,14.0
2020-10-09 00:00:00,13.55273220415023
2020-10-09 06:00:00,13.130264245335683
2020-10-09 12:00:00,11.946515018414864
2020-10-09 18:00:00,11.946515018414864
2020-10-10 00:00:00,11.946515018414864
2020-10-10 06:00:00,11.946515018414864
2020-10-10 12:00:00,11.946515018414864
2020-10-10 18:00:00,11.946515018414864
2020-10-11 00:00:00,11.501952961152817
2020-10-11 06:00:00,10.939615494779698
2020-10-11 12:00:00,10.939615494779698
2020-10-11 18:00:00,10.939615494779698
2020-10-12 00:00:00,10.939615494779698
2020-10-12 06:00:00,9.587674424581714
2020-10-12 12:00:00,8.850955299247925
2020-10-12 18:00:00,8.850955299247925
2020-10-13 00:00:00,8.850955299247925
2020-10-13 06:00:00,8.850955299247925
2020-10-13 12:00:00,8.850955299247925
2020-10-13 18:00:00,8.850955299247925
2020-10-14 00:00:00,8.49939968490535
2020-10-14 06:00:00,8.080949019646857
2020-10-14 12:00:00,8.080949019646857
2020-10-14 18:00:00,8.080949019646857
2020-10-15 00:00:00,8.080949019646857
2020-10-15 06:00:00,7.680771167984587
2020-10-15 12:00:00,7.680771167984587
2020-10-15 18:00:00,7.680771167984587
2020-10-16 00:00:00,7.680771167984587
2020-10-16 06:00:00,6.415359411125811
2020-10-16 12:00:00,5.996198769749351
2020-10-16 18:00:00,5.597289702991882
2020-10-17 00:00:00,5.597289702991882
2020-10-17 06:00:00,5.597289702991882
2020-10-17 12:00:00,5.597289702991882
2020-10-17 18:00:00,5.597289702991882
2020-10-18 00:00:00,5.166601091287066
2020-10-18 06:00:00,4.560503003516588
2020-10-18 12:00:00,4.164180027504849
2020-10-18 18:00:00,3.7767357437226976
2020-10-19 00:00:00,3.7767357437226976
2020-10-19 06:00:00,3.7767357437226976
2020-10-19 12:00:00,3.7767357437226976
2020-10-19 18:00:00,3.7767357437226976
2020-10-20 00:00:00,3.3310041360653733
2020-10-20 06:00:00,2.9503164482784543
2020-10-20 12:00:00,2.9503164482784543
2020-10-20 18:00:00,2.9503164482784543
2020-10-21 00:00:00,2.539125540819309
2020-10-21 06:00:00,2.539125540819309
2020-10-21 12:00:00,2.2644491638290356
2020-10-21 18:00:00,2.2644491638290356
2020-10-22 00:00:00,2.2644491638290356
2020-10-22 06:00:00,2.2644491638290356
2020-10-22 12:00:00,2.2644491638290356
2020-10-22 18:00:00,2.2644491638290356
2020-10-23 00:00:00,2.2644491638290356
2020-10-23 06:00:00,2.2644491638290356
2020-10-23 12:00:00,2.2644491638290356
2020-10-23 18:00:00,2.2644491638290356
2020-10-24 00:00:00,2.2644491638290356
2020-10-24 06:00:00,2.2644491638290356
2020-10-24 12:00:00,2.2644491638290356
2020-10-24 18:00:00,2.2644491638290356
2020-10-25 00:00:00,2.2644491638290356
2020-10-25 06:00:00,1.2835541689481424
2020-10-25 12:00:00,1.2835541689481424
2020-10-25 18:00:00,0.9259948094792521
2020-10-26 00:00:00,0.18720541130847712
2020-10-26 06:00:00,0.0
2020-10-26 12:00:00,14.0
2020-10-26 18:00:00,14.0
2020-10-27 00:00:00,13.575695191101076
2020-10-27 06:00:00,13.575695191101076
2020-10-27 12:00:00,13.575695191101076
2020-10-27 18:00:00,13.575695191101076
2020-10-28 00:00:00,12.901869320470164
2020-10-28 06:00:00,12.493854149566577
2020-10-28 12:00:00,12.115756900467819
2020-10-28 18:00:00,11.779488945055029
2020-10-29 00:00:00,11.779488945055029
2020-10-29 06:00:00,11.779488945055029
2020-10-29 12:00:00,11.779488945055029
2020-10-29 18:00:00,11.779488945055029
2020-10-30 00:00:00,11.189635628921952
2020-10-30 06:00:00,11.189635628921952
2020-10-30 12:00:00,9.96311864663489
2020-10-30 18:00:00,9.96311864663489
2020-10-31 00:00:00,9.96311864663489
2020-10-31 06:00:00,9.96311864663489
2020-10-31 12:00:00,9.96311864663489
2020-10-31 18:00:00,9.96311864663489
2020-11-01 00:00:00,9.96311864663489
2020-11-01 06:00:00,9.96311864663489
2020-11-01 12:00:00,9.96311864663489
2020-11-01 18:00:00,9.96311864663489
2020-11-02 00:00:00,9.96311864663489
2020-11-02 06:00:00,8.878483212969604
2020-11-02 12:00:00,8.878483212969604
2020-11-02 18:00:00,8.878483212969604
2020-11-03 00:00:00,8.878483212969604
2020-11-03 06:00:00,8.878483212969604
2020-11-03 12:00:00,8.878483212969604
2020-11-03 18:00:00,8.878483212969604
2020-11-04 00:00:00,8.878483212969604
2020-11-04 06:00:00,8.878483212969604
2020-11-04 12:00:00,8.878483212969604
2020-11-04 18:00:00,8.878483212969604
2020-11-05 00:00:00,8.878483212969604
2020-11-05 06:00:00,8.878483212969604
2020-11-05 12:00:00,8.878483212969604
2020-11-05 18:00:00,8.878483212969604
2020-11-06 00:00:00,8.878483212969604
2020-11-06 06:00:00,7.813665828029685
2020-11-06 12:00:00,7.813665828029685
2020-11-06 18:00:00,7.473010240059361
2020-11-07 00:00:00,7.473010240059361
2020-11-07 06:00:00,7.473010240059361
2020-11-07 12:00:00,7.473010240059361
2020-11-07 18:00:00,7.473010240059361
2020-11-08 00:00:00,7.103810021474684
2020-11-08 06:00:00,6.6594060147699965
2020-11-08 12:00:00,6.1984901448463585
2020-11-08 18:00:00,6.1984901448463585
2020-11-09 00:00:00,6.1984901448463585
2020-11-09 06:00:00,5.849112123965249
2020-11-09 12:00:00,5.41927895245621
2020-11-09 18:00:00,5.41927895245621
2020-11-10 00:00:00,5.41927895245621
2020-11-10 06:00:00,5.41927895245621
2020-11-10 12:00:00,5.41927895245621
2020-11-10 18:00:00,5.41927895245621
2020-11-11 00:00:00,5.41927895245621
2020-11-11 06:00:00,3.9875645013062138
2020-11-11 12:00:00,3.9875645013062138
2020-11-11 18:00:00,3.9875645013062138
2020-11-12 00:00:00,3.9875645013062138
2020-11-12 06:00:00,3.9875645013062138
2020-11-12 12:00:00,3.9875645013062138
2020-11-12 18:00:00,3.9875645013062138
2020-11-13 00:00:00,3.585594119165064
2020-11-13 06:00:00,3.2234842927285725
2020-11-13 12:00:00,2.461547784764164
2020-11-13 18:00:00,2.1424307132866844
2020-11-14 00:00:00,2.1424307132866844
2020-11-14 06:00:00,2.1424307132866844
2020-11-14 12:00:00,2.1424307132866844
2020-11-14 18:00:00,2.1424307132866844
2020-11-15 00:00:00,2.1424307132866844
2020-11-15 06:00:00,1.0447372387321963
2020-11-15 12:00:00,0.7660201997531613
2020-11-15 18:00:00,0.7660201997531613
2020-11-16 00:00:00,0.031355388051883315
2020-11-16 06:00:00,0.0
2020-11-16 12:00:00,0.0
2020-11-16 18:00:00,14.0
2020-11-17 00:00:00,14.0
2020-11-17 06:00:00,14.0
2020-11-17 12:00:00,14.0
2020-11-17 18:00:00,14.0
2020-11-18 00:00:00,13.691147552295579
2020-11-18 06:00:00,13.251878969700977
2020-11-18 12:00:00,13.251878969700977
2020-11-18 18:00:00,13.251878969700977
2020-11-19 00:00:00,13.251878969700977
2020-11-19 06:00:00,13.251878969700977
2020-11-19 12:00:00,13.251878969700977
2020-11-19 18:00:00,13.251878969700977
2020-11-20 00:00:00,12.901124121032428
2020-11-20 06:00:00,12.496757040779533
2020-11-20 12:00:00,12.18392127680808
2020-11-20 18:00:00,12.18392127680808
2020-11-21 00:00:00,12.18392127680808
2020-11-21 06:00:00,12.18392127680808
2020-11-21 12:00:00,12.18392127680808
2020-11-21 18:00:00,12.18392127680808
2020-11-22 00:00:00,12.18392127680808
2020-11-22 06:00:00,11.375729606761016
2020-11-22 12:00:00,10.945353936570724
2020-11-22 18:00:00,10.945353936570724
2020-11-23 00:00:00,10.945353936570724
2020-11-23 06:00:00,9.416194497489796
2020-11-23 12:00:00,9.416194497489796
2020-11-23 18:00:00,9.416194497489796
2020-11-24 00:00:00,9.416194497489796
2020-11-24 06:00:00,9.416194497489796
2020-11-24 12:00:00,9.416194497489796
2020-11-24 18:00:00,9.416194497489796
2020-11-25 00:00:00,9.416194497489796
2020-11-25 06:00:00,8.490280460725542
2020-11-25 12:00:00,8.490280460725542
2020-11-25 18:00:00,7.8307770320666155
2020-11-26 00:00:00,7.8307770320666155
2020-11-26 06:00:00,7.8307770320666155
2020-11-26 12:00:00,7.8307770320666155
2020-11-26 18:00:00,7.8307770320666155
2020-11-27 00:00:00,7.8307770320666155
2020-11-27 06:00:00,7.426833124313823
2020-11-27 12:00:00,7.044793989303949
2020-11-27 18:00:00,7.044793989303949
2020-11-28 00:00:00,7.044793989303949
2020-11-28 06:00:00,7.044793989303949
2020-11-28 12:00:00,7.044793989303949
2020-11-28 18:00:00,7.044793989303949
2020-11-29 00:00:00,6.436243517900345
2020-11-29 06:00:00,6.091786169332112
2020-11-29 12:00:00,6.091786169332112
2020-11-29 18:00:00,5.275059670318469
2020-11-30 00:00:00,5.275059670318469
2020-11-30 06:00:00,5.275059670318469
2020-11-30 12:00:00,5.275059670318469
2020-11-30 18:00:00,5.275059670318469
2020-12-01 00:00:00,5.275059670318469
2020-12-01 06:00:00,5.275059670318469
2020-12-01 12:00:00,5.275059670318469
2020-12-01 18:00:00,5.275059670318469
2020-12-02 00:00:00,5.275059670318469
2020-12-02 06:00:00,4.559737034976938
2020-12-02 12:00:00,4.559737034976938
2020-12-02 18:00:00,4.559737034976938
2020-12-03 00:00:00,4.559737034976938
2020-12-03 06:00:00,4.559737034976938
2020-12-03 12:00:00,4.559737034976938
2020-12-03 18:00:00,4.559737034976938
2020-12-04 00:00:00,4.559737034976938
2020-12-04 06:00:00,3.460738211878848
2020-12-04 12:00:00,3.186884833282949
2020-12-04 18:00:00,3.186884833282949
2020-12-05 00:00:00,3.186884833282949
2020-12-05 06:00:00,3.186884833282949
2020-12-05 12:00:00,3.186884833282949
2020-12-05 18:00:00,3.186884833282949
2020-12-06 00:00:00,3.186884833282949
2020-12-06 06:00:00,2.0410533559822133
2020-12-06 12:00:00,1.7262362035094272
2020-12-06 18:00:00,1.7262362035094272
2020-12-07 00:00:00,1.7262362035094272
2020-12-07 06:00:00,0.9962103423331031
2020-12-07 12:00:00,0.9962103423331031
2020-12-07 18:00:00,0.9962103423331031
2020-12-08 00:00:00,0.9962103423331031
2020-12-08 06:00:00,0.9962103423331031
2020-12-08 12:00:00,0.9962103423331031
2020-12-08 18:00:00,0.9962103423331031
2020-12-09 00:00:00,0.9962103423331031
2020-12-09 06:00:00,0.0
2020-12-09 12:00:00,14.0
2020-12-09 18:00:00,13.15758464105432
2020-12-10 00:00:00,13.15758464105432
2020-12-10 06:00:00,13.15758464105432
2020-12-10 12:00:00,13.15758464105432
2020-12-10 18:00:00,13.15758464105432
2020-12-11 00:00:00,13.15758464105432
2020-12-11 06:00:00,12.408148000524779
2020-12-11 12:00:00,12.408148000524779
2020-12-11 18:00:00,12.027058466301996
2020-12-12 00:00:00,12.027058466301996
2020-12-12 06:00:00,12.027058466301996
2020-12-12 12:00:00,12.027058466301996
2020-12-12 18:00:00,12.027058466301996
2020-12-13 00:00:00,12.027058466301996
2020-12-13 06:00:00,11.387212965706784
2020-12-13 12:00:00,11.052838607358249
2020-12-13 18:00:00,10.238139312435397
2020-12-14 00:00:00,9.90976415830364
2020-12-14 06:00:00,9.574810290154609
2020-12-14 12:00:00,9.574810290154609
2020-12-14 18:00:00,9.574810290154609
2020-12-15 00:00:00,9.574810290154609
2020-12-15 06:00:00,9.574810290154609
2020-12-15 12:00:00,9.574810290154609
2020-12-15 18:00:00,9.574810290154609
2020-12-16 00:00:00,8.157203699221927
2020-12-16 06:00:00,8.157203699221927
2020-12-16 12:00:00,8.157203699221927
2020-12-16 18:00:00,8.157203699221927
2020-12-17 00:00:00,8.157203699221927
2020-12-17 06:00:00,8.157203699221927
2020-12-17 12:00:00,8.157203699221927
2020-12-17 18:00:00,8.157203699221927
2020-12-18 00:00:00,8.157203699221927
2020-12-18 06:00:00,7.7057225814427
2020-12-18 12:00:00,7.323896350475115
2020-12-18 18:00:00,7.323896350475115
2020-12-19 00:00:00,6.915741206367776
2020-12-19 06:00:00,6.915741206367776
2020-12-19 12:00:00,6.915741206367776
2020-12-19 18:00:00,6.915741206367776
2020-12-20 00:00:00,6.526669880374645
2020-12-20 06:00:00,5.799913701306529
2020-12-20 12:00:00,5.799913701306529
2020-12-20 18:00:00,5.449147473583226
2020-12-21 00:00:00,5.449147473583226
2020-12-21 06:00:00,4.675710225245841
2020-12-21 12:00:00,4.3637720157949
2020-12-21 18:00:00,4.3637720157949
2020-12-22 00:00:00,4.3637720157949
2020-12-22 06:00:00,4.3637720157949
2020-12-22 12:00:00,4.3637720157949
2020-12-22 18:00:00,4.3637720157949
2020-12-23 00:00:00,3.3035536957015306
2020-12-23 06:00:00,3.3035536957015306
2020-12-23 12:00:00,3.0327258307596283
2020-12-23 18:00:00,3.0327258307596283
2020-12-24 00:00:00,3.0327258307596283
2020-12-24 06:00:00,3.0327258307596283
2020-12-24 12:00:00,3.0327258307596283
2020-12-24 18:00:00,3.0327258307596283
2020-12-25 00:00:00,2.544063241558716
2020-12-25 06:00:00,1.6908602715074545
2020-12-25 12:00:00,1.6908602715074545
2020-12-25 18:00:00,1.6908602715074545
2020-12-26 00:00:00,1.6908602715074545
2020-12-26 06:00:00,1.6908602715074545
2020-12-26 12:00:00,1.6908602715074545
2020-12-26 18:00:00,1.6908602715074545
2020-12-27 00:00:00,1.6908602715074545
2020-12-27 06:00:00,0.8221536973049839
2020-12-27 12:00:00,0.8221536973049839
2020-12-27 18:00:00,0.8221536973049839
2020-12-28 00:00:00,0.4088511202272391
2020-12-28 06:00:00,14.0
2020-12-28 12:00:00,14.0
2020-12-28 18:00:00,14.0
2020-12-29 00:00:00,14.0
2020-12-29 06:00:00,13.61047414617299
2020-12-29 12:00:00,13.61047414617299
2020-12-29 18:00:00,13.284084622689985
2020-12-30 00:00:00,12.918529976930323
2020-12-30 06:00:00,11.294680393571932
2020-12-30 12:00:00,11.294680393571932
2020-12-30 18:00:00,11.294680393571932
